title,text,url
Mabley White Monoplane (page does not exist),Mabley White Monoplane,
Mac Bitch (page does not exist),Mac Bitch,
Mac Blaze (page does not exist),Mac Blaze,
Mac Charger (page does not exist),Mac Charger,
Mac Elan (page does not exist),Mac Elan,
Mac Icon (page does not exist),Mac Icon,
Mac Paradox (page does not exist),Mac Paradox,
Mac Progress (page does not exist),Mac Progress,
Mac T-Ride (page does not exist),Mac T-Ride,
Mac Whistler (page does not exist),Mac Whistler,
Mac Yukon (page does not exist),Mac Yukon,
Macchi C.3 (page does not exist),Macchi C.3,
Macchi M.20 (page does not exist),Macchi M.20,
Macchi M.29 (page does not exist),Macchi M.29,
Macchi MC.73 (page does not exist),Macchi MC.73,
Macchi MC.73 Idro (page does not exist),Macchi MC.73 Idro,
Macchi MC.77 (page does not exist),Macchi MC.77,
Macchi MC.99 (page does not exist),Macchi MC.99,
Macchi MB.307 (page does not exist),Macchi MB.307,
Gossamer Owl (page does not exist),Gossamer Owl,
MacCready Bionic Bat (page does not exist),MacCready Bionic Bat,
MacDonald Sportflight A (page does not exist),MacDonald Sportflight A,
Mace-Trefethen M-102 (page does not exist),Mace-Trefethen M-102,
Mace-Trefethen R-1 (page does not exist),Mace-Trefethen R-1,
Macera Sparviero (page does not exist),Macera Sparviero,
Mack Dolphin (page does not exist),Mack Dolphin,
MacManaman 1930 Monoplane (page does not exist),MacManaman 1930 Monoplane,
MacManaman Baby Fleet (page does not exist),MacManaman Baby Fleet,
Madison Super Ace (page does not exist),Madison Super Ace,
MAG-Fokker Triplane 90.01 (page does not exist),MAG-Fokker Triplane 90.01,
MAG-Fokker Triplane 90.02 (page does not exist),MAG-Fokker Triplane 90.02,
MAG-Fokker 90.03 (page does not exist),MAG-Fokker 90.03,
MAG-Fokker 90.04 (page does not exist),MAG-Fokker 90.04,
Magal Cuby I (page does not exist),Magal Cuby I,
Magal Cuby II (page does not exist),Magal Cuby II,
Magal Copy Cub (page does not exist),Magal Copy Cub,
Magni PM.1 Vittoria (page does not exist),Magni PM.1 Vittoria,
Magni PM.2 (page does not exist),Magni PM.2,
Magni PM.3 (page does not exist),Magni PM.3,
Magni-Tervamäki MT-5 (page does not exist),Magni-Tervamäki MT-5,
Magni-Tervamäki MT-7 (page does not exist),Magni-Tervamäki MT-7,
Magni VPM S-2 (page does not exist),Magni VPM S-2,
Mahoney-Ryan X-1 Special (page does not exist),Mahoney-Ryan X-1 Special,
MAI E-2 (page does not exist),MAI E-2,
MAI E-3 (page does not exist),MAI E-3,
MAI Boldrev (page does not exist),MAI Boldrev,
MAI Elf (page does not exist),MAI Elf,
MAI EMAI (page does not exist),MAI EMAI,
MAI Foton (page does not exist),MAI Foton,
MAI Semburg (page does not exist),MAI Semburg,
MAI-62 (page does not exist),MAI-62,
MAI-89 (page does not exist),MAI-89,
MAI Marathon (page does not exist),MAI Marathon,
Maillet Nennig MN-A (page does not exist),Maillet Nennig MN-A,
Mair 1910 Biplane (page does not exist),Mair 1910 Biplane,
Makhonine Mak-101 (page does not exist),Makhonine Mak-101,
Makhonine Mak-123 (page does not exist),Makhonine Mak-123,
Makino MHO.235 (page does not exist),Makino MHO.235,
Malinowski Dziaba (page does not exist),Malinowski Dziaba,
Man Planes MP-1 (page does not exist),Man Planes MP-1,
Manfred Weiss WM-9 Budapest (page does not exist),Manfred Weiss WM-9 Budapest,
Manfred Weiss WM-11 Budapest (page does not exist),Manfred Weiss WM-11 Budapest,
Manfred Weiss WM-14 Budapest (page does not exist),Manfred Weiss WM-14 Budapest,
Manfred Weiss WM-17 (page does not exist),Manfred Weiss WM-17,
Manfred Weiss WM-18 (page does not exist),Manfred Weiss WM-18,
Manfred Weiss WM-20 (page does not exist),Manfred Weiss WM-20,
Manfred Weiss WM-23 (page does not exist),Manfred Weiss WM-23,
Manfred Weiss WM-24 (page does not exist),Manfred Weiss WM-24,
Manfred Weiss WM-123 Ezüst Nyíl II (page does not exist),Manfred Weiss WM-123 Ezüst Nyíl II,
Mangin MRC.1 (page does not exist),Mangin MRC.1,
Manhattan 1913 Biplane (page does not exist),Manhattan 1913 Biplane,
Manko MT-2 Light Passenger Transport (page does not exist),Manko MT-2 Light Passenger Transport,
Manley-Stewart H-200 (page does not exist),Manley-Stewart H-200,
Manorplane T-1 (page does not exist),Manorplane T-1,
Manta 1940 Monoplane (page does not exist),Manta 1940 Monoplane,
Manta long-range fighter (page does not exist),Manta long-range fighter,
Mantelli AM-9 (page does not exist),Mantelli AM-9,
Mantelli AM-10 Triete (page does not exist),Mantelli AM-10 Triete,
Mantelli AM-11 Albatros (page does not exist),Mantelli AM-11 Albatros,
Mantz 1938 Pusher (page does not exist),Mantz 1938 Pusher,
Mantz 1950 Pusher (page does not exist),Mantz 1950 Pusher,
Maranda BM1 Loisir (page does not exist),Maranda BM1 Loisir,
Maranda BM1-A Super Loisir (page does not exist),Maranda BM1-A Super Loisir,
Maranda BM4 Hawk (page does not exist),Maranda BM4 Hawk,
Maranda BM5 (page does not exist),Maranda BM5,
Marchaudon Scarabee 01 (page does not exist),Marchaudon Scarabee 01,
Marchetti La Chimera (page does not exist),Marchetti La Chimera,
Marchetti M-1 (page does not exist),Marchetti M-1,
Marchetti M-2 Arrow (page does not exist),Marchetti M-2 Arrow,
Marchetti Sport (page does not exist),Marchetti Sport,
Marchetti Avenger (page does not exist),Marchetti Avenger,
Marcotte Rich Mixture II (page does not exist),Marcotte Rich Mixture II,
Marcoux-Bromberg 1938 Monoplane (page does not exist),Marcoux-Bromberg 1938 Monoplane,
Marcoux-Bromberg Special (page does not exist),Marcoux-Bromberg Special,
Wickner-Marendaz Mk I (page does not exist),Wickner-Marendaz Mk I,
Marendaz Mk III (page does not exist),Marendaz Mk III,
Marendaz Mk IV (page does not exist),Marendaz Mk IV,
Margański EM-5A Dudus Kudlacz (page does not exist),Margański EM-5A Dudus Kudlacz,
Marinac Flying Mercury (page does not exist),Marinac Flying Mercury,
Marinavia QR-2 (page does not exist),Marinavia QR-2,
Marinavia QR-2bis (page does not exist),Marinavia QR-2bis,
Marinavia QR-14 Levriero (page does not exist),Marinavia QR-14 Levriero,
Marinavia QR-22 (page does not exist),Marinavia QR-22,
Marine Water Sprite (page does not exist),Marine Water Sprite,
Marinosyan M-235 (page does not exist),Marinosyan M-235,
Marion 1929 Monoplane (page does not exist),Marion 1929 Monoplane,
Marion Whysall (page does not exist),Marion Whysall,
Markwalder Marabu (page does not exist),Markwalder Marabu,
Marlman Flying Box (page does not exist),Marlman Flying Box,
Marquardt M-14 (page does not exist),Marquardt M-14,
Marquart MA-3 Maverick (page does not exist),Marquart MA-3 Maverick,
Marquian RM.01 (page does not exist),Marquian RM.01,
Mars Skylark (page does not exist),Mars Skylark,
Mars M-1-80 Skycoupe (page does not exist),Mars M-1-80 Skycoupe,
Marsh G-164 C-T Turbo Cat (page does not exist),Marsh G-164 C-T Turbo Cat,
Marsh TS-2E Turbo-Tracker (page does not exist),Marsh TS-2E Turbo-Tracker,
Marsh Turbo Mentor (page does not exist),Marsh Turbo Mentor,
Marsh 1930 Monoplane (page does not exist),Marsh 1930 Monoplane,
Marshall E-1 (page does not exist),Marshall E-1,
Marshall Phantom (page does not exist),Marshall Phantom,
Marston & Ordway 1930 Biplane (page does not exist),Marston & Ordway 1930 Biplane,
Martens Windhund (page does not exist),Martens Windhund,
Martin No.1 1909 Biplane (page does not exist),Martin No.1 1909 Biplane,
Martin 1909-1910 Monoplane (page does not exist),Martin 1909-1910 Monoplane,
Martin 1911 Biplane (page does not exist),Martin 1911 Biplane,
Martin 1912 Landplane (page does not exist),Martin 1912 Landplane,
Martin 1912 Tractor1 (page does not exist),Martin 1912 Tractor1,
Martin 1913 Hydroaeroplane (page does not exist),Martin 1913 Hydroaeroplane,
Martin 1913 Pusher (page does not exist),Martin 1913 Pusher,
Martin 1913 Special (page does not exist),Martin 1913 Special,
Martin-Willard 1914 Biplane (page does not exist),Martin-Willard 1914 Biplane,
Martin 66 Night Mail Plane (page does not exist),Martin 66 Night Mail Plane,
Martin 67 (page does not exist),Martin 67,
Martin 70 Commercial (page does not exist),Martin 70 Commercial,
Martin 123 (page does not exist),Martin 123,
Martin 162-A (page does not exist),Martin 162-A,
Martin Aerial Freighter (page does not exist),Martin Aerial Freighter,
Martin Great lakes Tourer (page does not exist),Martin Great lakes Tourer,
Martin K-3 Scout (page does not exist),Martin K-3 Scout,
Martin R (page does not exist),Martin R,
Martin R-Land (page does not exist),Martin R-Land,
Glenn Martin Twin Tractor (page does not exist),Glenn Martin Twin Tractor,
Martin Bomber (page does not exist),Martin Bomber,
Martin Harvard I (page does not exist),Martin Harvard I,
Martin Dart (page does not exist),Martin Dart,
Martin Paraplane (page does not exist),Martin Paraplane,
Martin Roadstar (page does not exist),Martin Roadstar,
Martin 1957 Monoplane (page does not exist),Martin 1957 Monoplane,
Martin-Boyd 1927 Monoplane (page does not exist),Martin-Boyd 1927 Monoplane,
Maruoka Man-Powered Screw-Wing Machine (page does not exist),Maruoka Man-Powered Screw-Wing Machine,
Маslov Accord (page does not exist),Маslov Accord,
Mason DH-2 4/5 replica (page does not exist),Mason DH-2 4/5 replica,
Mason DM-1 Skyblazer (page does not exist),Mason DM-1 Skyblazer,
Mason DM-1 Skyblazer (page does not exist),Mason DM-1 Skyblazer,
Master Greyhound (page does not exist),Master Greyhound,
MATRA-Cantinieau Bamby (page does not exist),MATRA-Cantinieau Bamby,
MATRA-Cantinieau Faon (page does not exist),MATRA-Cantinieau Faon,
MATRA R.75 (page does not exist),MATRA R.75,
MATRA R.100 (page does not exist),MATRA R.100,
MATRA R.110 (page does not exist),MATRA R.110,
Matthews 2-B (page does not exist),Matthews 2-B,
Matthieu-Russel 1929 Monoplane (page does not exist),Matthieu-Russel 1929 Monoplane,
Mattioni Botte Volante (page does not exist),Mattioni Botte Volante,
Mattley FP-1 (page does not exist),Mattley FP-1,
Mauboussin M.110 (page does not exist),Mauboussin M.110,
Mauboussin M.111 (page does not exist),Mauboussin M.111,
Mauboussin M.129/48 (page does not exist),Mauboussin M.129/48,
Mauboussin M.130 (page does not exist),Mauboussin M.130,
Mauboussin M.160 (page does not exist),Mauboussin M.160,
Mauboussin M.190 (page does not exist),Mauboussin M.190,
Mauboussin MH.190 (page does not exist),Mauboussin MH.190,
Mauboussin M.260 (page does not exist),Mauboussin M.260,
Mauboussin FM.260 (page does not exist),Mauboussin FM.260,
Mauboussin M.300 (page does not exist),Mauboussin M.300,
Mauboussin M.400 (page does not exist),Mauboussin M.400,
Mauboussin-Zodiac 17 (page does not exist),Mauboussin-Zodiac 17,
Maule 1931 aeroplane (page does not exist),Maule 1931 aeroplane,
Maule M-1 Mid-wing (page does not exist),Maule M-1 Mid-wing,
Maule M-2 Ornithopter (page does not exist),Maule M-2 Ornithopter,
Maule M-3 Ornithopter (page does not exist),Maule M-3 Ornithopter,
Maule M-8 (page does not exist),Maule M-8,
Maule M-9 (page does not exist),Maule M-9,
Maverick 1200 TwinJet (page does not exist),Maverick 1200 TwinJet,
Maverick 1500 TwinJet (page does not exist),Maverick 1500 TwinJet,
Maverick CruiserJet (page does not exist),Maverick CruiserJet,
Maverick SmartJet (page does not exist),Maverick SmartJet,
Max Plan PF.207 (page does not exist),Max Plan PF.207,
Maximum Safety M-1 (page does not exist),Maximum Safety M-1,
Maximum Safety M-2 (page does not exist),Maximum Safety M-2,
Maximum Safety M-3 (page does not exist),Maximum Safety M-3,
Maximum Safety M-4L (page does not exist),Maximum Safety M-4L,
Maxson NR (page does not exist),Maxson NR,
Mayberry T-1 (page does not exist),Mayberry T-1,
Mayer 1951 Monoplane (page does not exist),Mayer 1951 Monoplane,
Mayo 1914 Biplane (page does not exist),Mayo 1914 Biplane,
Mayo 1916 Biplane (page does not exist),Mayo 1916 Biplane,
Mayo Type A (page does not exist),Mayo Type A,
Simplex 1914 Biplane (page does not exist),Simplex 1914 Biplane,
MBB Bö 115 (page does not exist),MBB Bö 115,
McBride M.1 Monoplane (page does not exist),McBride M.1 Monoplane,
McCain Swick-T (page does not exist),McCain Swick-T,
McCarroll Duoplane (page does not exist),McCarroll Duoplane,
McCarroll MAC-1 (page does not exist),McCarroll MAC-1,
MCC Amaya (page does not exist),MCC Amaya,
MCC Arolla (page does not exist),MCC Arolla,
MCC Beluga (page does not exist),MCC Beluga,
MCC Insigia (page does not exist),MCC Insigia,
MCC Maluga (page does not exist),MCC Maluga,
MCC Orbea (page does not exist),MCC Orbea,
McCarter S-A (page does not exist),McCarter S-A,
McCarthy Air Scout (page does not exist),McCarthy Air Scout,
McClary A (page does not exist),McClary A,
McClary B (page does not exist),McClary B,
McClary D (page does not exist),McClary D,
McClary D-1 (page does not exist),McClary D-1,
McCook Commercial (page does not exist),McCook Commercial,
McCormick-James 1910 Monoplane (page does not exist),McCormick-James 1910 Monoplane,
McCormick-Romme Umbrellaplane (page does not exist),McCormick-Romme Umbrellaplane,
McCune Sport (page does not exist),McCune Sport,
McCurdy-Willard Headless (page does not exist),McCurdy-Willard Headless,
McDaneld Roamair (page does not exist),McDaneld Roamair,
McDaniel 1930 Monoplane (page does not exist),McDaniel 1930 Monoplane,
McDaniels Model 2 (page does not exist),McDaniels Model 2,
McGaffey Aviate (page does not exist),McGaffey Aviate,
McGill S (page does not exist),McGill S,
McGregor MG-65 (page does not exist),McGregor MG-65,
McGuiness Windsong (page does not exist),McGuiness Windsong,
McKellar M-1 (page does not exist),McKellar M-1,
McKenzie Silver Wings (page does not exist),McKenzie Silver Wings,
McKinnie 165 (page does not exist),McKinnie 165,
McKissick Viceroy (page does not exist),McKissick Viceroy,
McLaughlin Model A Skybuggy (page does not exist),McLaughlin Model A Skybuggy,
McMahon Model T (page does not exist),McMahon Model T,
McMechan AC-2 (page does not exist),McMechan AC-2,
McMechan 1936 aeroplane (page does not exist),McMechan 1936 aeroplane,
McMullen Mac Airliner (page does not exist),McMullen Mac Airliner,
McMullen MC-1 (page does not exist),McMullen MC-1,
McMullen MC-2 (page does not exist),McMullen MC-2,
McNeal 21 (page does not exist),McNeal 21,
McPherson Model 1 (page does not exist),McPherson Model 1,
McRae 1927 Monoplane (page does not exist),McRae 1927 Monoplane,
McVean Valkyr V-2 (page does not exist),McVean Valkyr V-2,
MD 500C (369H) (page does not exist),MD 500C (369H),
MD 500M Defender (page does not exist),MD 500M Defender,
MD 500C (page does not exist),MD 500C,
MD 500C (page does not exist),MD 500C,
MD 500D (page does not exist),MD 500D,
MD 500E (page does not exist),MD 500E,
KH-500E (page does not exist),KH-500E,
NH-500E (page does not exist),NH-500E,
Mead Adventure 100 (page does not exist),Mead Adventure 100,
Meade Swallow (page does not exist),Meade Swallow,
Meade Swallow (page does not exist),Meade Swallow,
Meadowbrook MC-1 Chinook (page does not exist),Meadowbrook MC-1 Chinook,
Means Taper wing (page does not exist),Means Taper wing,
Medway SLA100 Clipper (page does not exist),Medway SLA100 Clipper,
Mehr Me 1 (page does not exist),Mehr Me 1,
Mehr Me 2 (page does not exist),Mehr Me 2,
Mehr Me 3 (page does not exist),Mehr Me 3,
Mehr Me 4 (page does not exist),Mehr Me 4,
Mehr Me 4a (page does not exist),Mehr Me 4a,
Mehr Me 5 (page does not exist),Mehr Me 5,
Mehr Me 6 (page does not exist),Mehr Me 6,
Meindl/van Nes A.VII Cadet (page does not exist),Meindl/van Nes A.VII Cadet,
Meindl/van Nes A.VIII (page does not exist),Meindl/van Nes A.VIII,
Meindl/van Nes A.XV (page does not exist),Meindl/van Nes A.XV,
Meindl M.15 (page does not exist),Meindl M.15,
Meindl M.100 (page does not exist),Meindl M.100,
Meindl M.101 (page does not exist),Meindl M.101,
Meindl M.110 (page does not exist),Meindl M.110,
Meindl M.150 Schulmeister (page does not exist),Meindl M.150 Schulmeister,
Meindl M.211 (page does not exist),Meindl M.211,
Melberg-Greenemeier MG-1 (page does not exist),Melberg-Greenemeier MG-1,
Melberg-Greenemeier MG-2 (page does not exist),Melberg-Greenemeier MG-2,
Melberg-Greenemeier MG-3 (page does not exist),Melberg-Greenemeier MG-3,
Melfa WCA-1 (page does not exist),Melfa WCA-1,
BELITE ULTRACUB (page does not exist),BELITE ULTRACUB,
BELITE PROCUB (page does not exist),BELITE PROCUB,
Clarence C. Melton (page does not exist),Melton#1 (Katydid),
Clarence C. Melton (page does not exist),Melton#3 (Sport),
Melton Houpisine (page does not exist),Melton Houpisine,
Mendenhall M-1 (page does not exist),Mendenhall M-1,
Menefee Crescent (page does not exist),Menefee Crescent,
Merćep 1909 Biplane (page does not exist),Merćep 1909 Biplane,
Merćep-Rusjan 1910 monoplane (page does not exist),Merćep-Rusjan 1910 monoplane,
Merćep 1911 Monoplane (page does not exist),Merćep 1911 Monoplane,
Merćep 1912 Monoplane (page does not exist),Merćep 1912 Monoplane,
Merckle SM 67 (page does not exist),Merckle SM 67,
Mercury CW-1 Junior (page does not exist),Mercury CW-1 Junior,
Mercury S (page does not exist),Mercury S,
Mercury S-1 (page does not exist),Mercury S-1,
Mercury Special (page does not exist),Mercury Special,
Aerial Booth Bee Line (page does not exist),Aerial Booth Bee Line,
Aerial Standard (page does not exist),Aerial Standard,
Aerial Thurston Monoplane (page does not exist),Aerial Thurston Monoplane,
Aerial DW-4 Trainer (page does not exist),Aerial DW-4 Trainer,
Aerial Arrow (page does not exist),Aerial Arrow,
Mercury Mars (page does not exist),Mercury Mars,
Mercury B-100 (page does not exist),Mercury B-100,
Mercury BT-120 Aerobat (page does not exist),Mercury BT-120 Aerobat,
IMAM Ro.26 (page does not exist),IMAM Ro.26,
IMAM Ro.35 (page does not exist),IMAM Ro.35,
IMAM Ro.71 (page does not exist),IMAM Ro.71,
IMAM AG (page does not exist),IMAM AG,
Merkle LF 501 Kiebitz (page does not exist),Merkle LF 501 Kiebitz,
Merle 1910 Biplane (page does not exist),Merle 1910 Biplane,
Merlin GTS (page does not exist),Merlin GTS,
Merrill CIT-9 Safety Plane (page does not exist),Merrill CIT-9 Safety Plane,
Merrill 1931 Monoplane (page does not exist),Merrill 1931 Monoplane,
Merville SM.30 (page does not exist),Merville SM.30,
Messer 1927 Biplane (page does not exist),Messer 1927 Biplane,
Messerschmitt Bf 164 (page does not exist),Messerschmitt Bf 164,
Messier CT.001 (page does not exist),Messier CT.001,
Messler Snipe PT101 Serial 2 (page does not exist),Messler Snipe PT101 Serial 2,
Metal Master LAR-1 (page does not exist),Metal Master LAR-1,
Métalair 1 (page does not exist),Métalair 1,
Metcalf 1909 Helicopter (page does not exist),Metcalf 1909 Helicopter,
Meteoric 1911 Aeroplane (page does not exist),Meteoric 1911 Aeroplane,
Methvin XP-101 (page does not exist),Methvin XP-101,
Meunier PM.301 Dauphin (page does not exist),Meunier PM.301 Dauphin,
K-Meyer Aero Model A (page does not exist),K-Meyer Aero Model A,
Meyer P-51B (page does not exist),Meyer P-51B,
"Otto Meyerhoffer, Oroville, CA (page does not exist)","Otto Meyerhoffer, Oroville, CA",
Meyers 1906 Orthopter (page does not exist),Meyers 1906 Orthopter,
Meyers OTW-125 (page does not exist),Meyers OTW-125,
Meyers OTW-145 (page does not exist),Meyers OTW-145,
Meyers MAC-124 (page does not exist),Meyers MAC-124,
Meyers MAC-126 (page does not exist),Meyers MAC-126,
Meyers MAC-200 (page does not exist),Meyers MAC-200,
MFI-15 (page does not exist),MFI-15,
MIAG-Dietrich MD 12 (page does not exist),MIAG-Dietrich MD 12,
Miami Maid Amphibian (page does not exist),Miami Maid Amphibian,
Miami Maid MM-201 Flying Boat (page does not exist),Miami Maid MM-201 Flying Boat,
Miazga B-185 (page does not exist),Miazga B-185,
Micco SP20 (page does not exist),Micco SP20,
Micro Aviation Bat Hawk (page does not exist),Micro Aviation Bat Hawk,
Michelstadt Maikäfer (page does not exist),Michelstadt Maikäfer,
Michigan Aircraft 1 (page does not exist),Michigan Aircraft 1,
Michigan TM-5 (page does not exist),Michigan TM-5,
Micro-Aviation RG.501 Air Club (page does not exist),Micro-Aviation RG.501 Air Club,
Microleve Echo 2000RG (page does not exist),Microleve Echo 2000RG,
Microleve P96 Golf (page does not exist),Microleve P96 Golf,
Microlight Aviation Super Genie (page does not exist),Microlight Aviation Super Genie,
Midwest 1 (page does not exist),Midwest 1,
Midwest 2 Mercury (page does not exist),Midwest 2 Mercury,
Miettaux Ortolan (page does not exist),Miettaux Ortolan,
Mignet HM-1-1 (page does not exist),Mignet HM-1-1,
Mignet HM-1-2 (page does not exist),Mignet HM-1-2,
Mignet HM.2 (page does not exist),Mignet HM.2,
Mignet HM.3 (page does not exist),Mignet HM.3,
Mignet HM.4 (page does not exist),Mignet HM.4,
Mignet HM.5 Planeur brouette (page does not exist),Mignet HM.5 Planeur brouette,
Mignet HM.6 (page does not exist),Mignet HM.6,
Mignet HM.7 (page does not exist),Mignet HM.7,
Mignet HM.8 (page does not exist),Mignet HM.8,
Mignet HM.283 (page does not exist),Mignet HM.283,
Mignet HM.296 (page does not exist),Mignet HM.296,
Mihail Stabiloplan (page does not exist),Mihail Stabiloplan,
Mikoyan-Gurevich MiG-4 (page does not exist),Mikoyan-Gurevich MiG-4,
Mikoyan-Gurevich MiG-23 (1st use) (page does not exist),Mikoyan-Gurevich MiG-23 (1st use),
Mikoyan-Gurevich I-1 (page does not exist),Mikoyan-Gurevich I-1,
Mikoyan-Gurevich I-2 (page does not exist),Mikoyan-Gurevich I-2,
Mikoyan-Gurevich I-5 (page does not exist),Mikoyan-Gurevich I-5,
Mikoyan-Gurevich I-240 (page does not exist),Mikoyan-Gurevich I-240,
Mikoyan-Gurevich I-260 (page does not exist),Mikoyan-Gurevich I-260,
Mikoyan-Gurevich I-370 (page does not exist),Mikoyan-Gurevich I-370,
Mikoyan-Gurevich I-380 (page does not exist),Mikoyan-Gurevich I-380,
Mikoyan-Gurevich I-410 (page does not exist),Mikoyan-Gurevich I-410,
Mikoyan-Gurevich Izdeliye 23-01 (page does not exist),Mikoyan-Gurevich Izdeliye 23-01,
Mikoyan-Gurevich M (page does not exist),Mikoyan-Gurevich M,
Mikoyan-Gurevich PBSh-1 (page does not exist),Mikoyan-Gurevich PBSh-1,
Mikoyan-Gurevich PBSh-2 (page does not exist),Mikoyan-Gurevich PBSh-2,
Mikoyan-Gurevich SM-2 (page does not exist),Mikoyan-Gurevich SM-2,
Mikoyan-Gurevich SM-9 (page does not exist),Mikoyan-Gurevich SM-9,
Mikoyan-Gurevich Ye-1 (page does not exist),Mikoyan-Gurevich Ye-1,
Mikoyan-Gurevich Ye-2 (page does not exist),Mikoyan-Gurevich Ye-2,
Mikoyan-Gurevich Ye-9 (page does not exist),Mikoyan-Gurevich Ye-9,
Mikoyan-Gurevich Ye-23DPD (page does not exist),Mikoyan-Gurevich Ye-23DPD,
Mikoyan-Gurevich Ye-23IG (page does not exist),Mikoyan-Gurevich Ye-23IG,
Mikoyan-Gurevich Ye-26 (page does not exist),Mikoyan-Gurevich Ye-26,
Miles Happy Adventurer 2+2 (page does not exist),Miles Happy Adventurer 2+2,
Milford Buckaroo (page does not exist),Milford Buckaroo,
Militi MB.3 Leonardo (page does not exist),Militi MB.3 Leonardo,
Militi MB.4 (page does not exist),Militi MB.4,
Mill Basin Aircraft Super Gull W-1 (page does not exist),Mill Basin Aircraft Super Gull W-1,
Miller 1910 Biplane (page does not exist),Miller 1910 Biplane,
Miller 1926 Biplane (page does not exist),Miller 1926 Biplane,
Miller M-1 (page does not exist),Miller M-1,
Miller Special (page does not exist),Miller Special,
Miller 1928 Monoplane (page does not exist),Miller 1928 Monoplane,
Miller Sport (page does not exist),Miller Sport,
Miller B (page does not exist),Miller B,
Miller biplane (page does not exist),Miller biplane,
Miller MC-A1 (page does not exist),Miller MC-A1,
Miller 1930 Biplane (page does not exist),Miller 1930 Biplane,
Miller Model V (page does not exist),Miller Model V,
Miller 1938 Monoplane (page does not exist),Miller 1938 Monoplane,
Miller 2 (page does not exist),Miller 2,
Miller M-5 Belly Flopper (page does not exist),Miller M-5 Belly Flopper,
Miller M-6 Twin (page does not exist),Miller M-6 Twin,
Miller HM-1 (page does not exist),Miller HM-1,
Miller HM-3 (page does not exist),Miller HM-3,
Miller HM-4 Aerovel (page does not exist),Miller HM-4 Aerovel,
Miller HM-5 (page does not exist),Miller HM-5,
Miller Z-1 (page does not exist),Miller Z-1,
Miller Z-2 (page does not exist),Miller Z-2,
Miller Z-3 Zeta (page does not exist),Miller Z-3 Zeta,
Miller GEM-260 (page does not exist),Miller GEM-260,
Miller Jet Profile Twin Comanche 200 (page does not exist),Miller Jet Profile Twin Comanche 200,
Miller JM-1 (page does not exist),Miller JM-1,
Miller Special (page does not exist),Miller Special,
Miller M-1 (page does not exist),Miller M-1,
Miller 260A (page does not exist),Miller 260A,
Miller Special (page does not exist),Miller Special,
Miller M-1 (page does not exist),Miller M-1,
Miller-Brown Turkey Buzzard (page does not exist),Miller-Brown Turkey Buzzard,
Miller-Ybarra Model 1 (page does not exist),Miller-Ybarra Model 1,
Milliken M-1 (page does not exist),Milliken M-1,
Mills 1915 Biplane (page does not exist),Mills 1915 Biplane,
Milon-Brive PMB.78 le Faucon (page does not exist),Milon-Brive PMB.78 le Faucon,
Minié Emouchet Escopette (page does not exist),Minié Emouchet Escopette,
Minges M-30 Special (page does not exist),Minges M-30 Special,
Minina MG.2 Harmattan (page does not exist),Minina MG.2 Harmattan,
Minina MG.3 Harmattan (page does not exist),Minina MG.3 Harmattan,
Mini-Hawk I (page does not exist),Mini-Hawk I,
Mira Golondrina I (page does not exist),Mira Golondrina I,
Mira Golondrina II (page does not exist),Mira Golondrina II,
Mira Golondrina III (page does not exist),Mira Golondrina III,
Mira Golondrina IV (page does not exist),Mira Golondrina IV,
Mirouze AM.1 Pulsar (page does not exist),Mirouze AM.1 Pulsar,
Mises R.I (page does not exist),Mises R.I,
MSU-Honda MH-01 (page does not exist),MSU-Honda MH-01,
Mitrović MMS-3 (page does not exist),Mitrović MMS-3,
Mitsubishi 2MR5 (page does not exist),Mitsubishi 2MR5,
Mitsubishi 2MS1 (page does not exist),Mitsubishi 2MS1,
Mitsubishi 3MT10 (page does not exist),Mitsubishi 3MT10,
Mitsubishi-Hanriot 28 (page does not exist),Mitsubishi-Hanriot 28,
Mitsubishi Igo-1-A (page does not exist),Mitsubishi Igo-1-A,
Mitsubishi R-1.2 (page does not exist),Mitsubishi R-1.2,
Mitsubishi R-2.2 (page does not exist),Mitsubishi R-2.2,
Mitsubishi R-4 Survey Aircraft (page does not exist),Mitsubishi R-4 Survey Aircraft,
Mitsubishi F3B1 Trainer (page does not exist),Mitsubishi F3B1 Trainer,
Mitsubishi Tora (page does not exist),Mitsubishi Tora,
Mitsubishi T-1.2 Converted Aeroplane (page does not exist),Mitsubishi T-1.2 Converted Aeroplane,
Mitsubishi Hibari (page does not exist),Mitsubishi Hibari,
Mitsubishi Tombo (page does not exist),Mitsubishi Tombo,
Mitsubishi Ka-12 (page does not exist),Mitsubishi Ka-12,
Mitsubishi MS-1 (page does not exist),Mitsubishi MS-1,
Mitsubishi Hato (page does not exist),Mitsubishi Hato,
Mitsubishi B4M (page does not exist),Mitsubishi B4M,
Mitsubishi D3M (page does not exist),Mitsubishi D3M,
Mitsubishi K6M (page does not exist),Mitsubishi K6M,
Mitsubishi Ki-39 (page does not exist),Mitsubishi Ki-39,
Mitsubishi Ki-40 (page does not exist),Mitsubishi Ki-40,
Mitsubishi Ki-69 (page does not exist),Mitsubishi Ki-69,
Mitsubishi Ki-71 (page does not exist),Mitsubishi Ki-71,
Mitsubishi Ki-73 (page does not exist),Mitsubishi Ki-73,
Mitsubishi Experimental Tobi-type Reconnaissance Aircraft (page does not exist),Mitsubishi Experimental Tobi-type Reconnaissance Aircraft,
Mitsubishi Experimental Hayabusa-type Fighter (page does not exist),Mitsubishi Experimental Hayabusa-type Fighter,
Mitsubishi Experimental Short-range Reconnaissance Aircraft (page does not exist),Mitsubishi Experimental Short-range Reconnaissance Aircraft,
Mitsubishi Army Type Ko 1 Trainer (page does not exist),Mitsubishi Army Type Ko 1 Trainer,
Mitsubishi Army Type Ki 1 Trainer (page does not exist),Mitsubishi Army Type Ki 1 Trainer,
Mitsubishi Navy Experimental 7-Shi Carrier Torpedo Attacker (page does not exist),Mitsubishi Navy Experimental 7-Shi Carrier Torpedo Attacker,
Mitsubishi Navy Experimental 7-Shi Carrier Attack Aircraft (page does not exist),Mitsubishi Navy Experimental 7-Shi Carrier Attack Aircraft,
Mitsubishi Navy Experimental 7-Shi Carrier Fighter (page does not exist),Mitsubishi Navy Experimental 7-Shi Carrier Fighter,
Mitsubishi Navy Experimental 8-Shi Special Reconnaissance Aircraft (page does not exist),Mitsubishi Navy Experimental 8-Shi Special Reconnaissance Aircraft,
Mitsubishi Navy Experimental 8-Shi Carrier Fighter (page does not exist),Mitsubishi Navy Experimental 8-Shi Carrier Fighter,
Mitsubishi Navy Experimental 9-Shi Single-seat Fighter (page does not exist),Mitsubishi Navy Experimental 9-Shi Single-seat Fighter,
Mitsubishi Navy Experimental 9-Shi Carrier Attack Aircraft (page does not exist),Mitsubishi Navy Experimental 9-Shi Carrier Attack Aircraft,
Mitsubishi Navy Experimental 9-Shi Carrier Torpedo Attacker (page does not exist),Mitsubishi Navy Experimental 9-Shi Carrier Torpedo Attacker,
Mitsubishi Navy Experimental 11-shi Carrier Bomber (page does not exist),Mitsubishi Navy Experimental 11-shi Carrier Bomber,
Mitsubishi Navy Experimental 11-Shi Carrier Dive Bomber (page does not exist),Mitsubishi Navy Experimental 11-Shi Carrier Dive Bomber,
Mitsubishi Navy Experimental 16-shi Attack Bomber Taizan (page does not exist),Mitsubishi Navy Experimental 16-shi Attack Bomber Taizan,
Mitsubishi Navy Experimental 20-shi Ko (A) Type Carrier Fighter Rifuku (page does not exist),Mitsubishi Navy Experimental 20-shi Ko (A) Type Carrier Fighter Rifuku,
Mix Flying Arrow (page does not exist),Mix Flying Arrow,
Mizuno MXZ1 (page does not exist),Mizuno MXZ1,
M L Utility (page does not exist),M L Utility,
Mohawk Cabin (page does not exist),Mohawk Cabin,
Mohawk M1C-K Pinto (page does not exist),Mohawk M1C-K Pinto,
Mohawk Redskin (page does not exist),Mohawk Redskin,
Mohawk M1C-W Spurwing (page does not exist),Mohawk M1C-W Spurwing,
Mohawk MLV Pinto (page does not exist),Mohawk MLV Pinto,
Mohawk PT-7 (page does not exist),Mohawk PT-7,
Mohme A-1 (page does not exist),Mohme A-1,
Mohme A-2 (page does not exist),Mohme A-2,
Mohme A-3 (page does not exist),Mohme A-3,
Mohme MVP Sport A (page does not exist),Mohme MVP Sport A,
Mohr 1928 Monoplane (page does not exist),Mohr 1928 Monoplane,
Moineau C1 (page does not exist),Moineau C1,
Moineau pusher (page does not exist),Moineau pusher,
Moinicken 1924 Biplane (page does not exist),Moinicken 1924 Biplane,
V.L.Moiseenko 2U-B3 (page does not exist),V.L.Moiseenko 2U-B3,
Moisant L'Ecrevisse Monoplane (page does not exist),Moisant L'Ecrevisse Monoplane,
Moles & Kerr 1931 Monoplane (page does not exist),Moles & Kerr 1931 Monoplane,
Moller M150 Skycar (page does not exist),Moller M150 Skycar,
Moller M600 Skycar (page does not exist),Moller M600 Skycar,
Moller XM-2 (page does not exist),Moller XM-2,
Moller XM-3 (page does not exist),Moller XM-3,
Moller XM-4 (page does not exist),Moller XM-4,
Möller Stormarn (page does not exist),Möller Stormarn,
Möller Stomo 1 (page does not exist),Möller Stomo 1,
Möller Stomo 2 (page does not exist),Möller Stomo 2,
Möller Stromer (page does not exist),Möller Stromer,
Mollo-Imoden 1936 Biplane (page does not exist),Mollo-Imoden 1936 Biplane,
Molniya-1 (page does not exist),Molniya-1,
Molniya-100 (page does not exist),Molniya-100,
Molniya-300 (page does not exist),Molniya-300,
Molniya-400 (page does not exist),Molniya-400,
Molniya-1000 (page does not exist),Molniya-1000,
Molniya Heracles (page does not exist),Molniya Heracles,
Molteni monoplane (page does not exist),Molteni monoplane,
Molyneux XM-1000 (page does not exist),Molyneux XM-1000,
Monarch A (page does not exist),Monarch A,
Monarch Commercial (page does not exist),Monarch Commercial,
Monarch F-130-2 (page does not exist),Monarch F-130-2,
Moncassin single-engined flying boat (page does not exist),Moncassin single-engined flying boat,
Moncassin twin-engined flying boat (page does not exist),Moncassin twin-engined flying boat,
Monnereau MG.01 (page does not exist),Monnereau MG.01,
Monnett Mini-Moni (page does not exist),Monnett Mini-Moni,
Mono Midget (page does not exist),Mono Midget,
Mono Monocoach 201 (page does not exist),Mono Monocoach 201,
Mono Monocoach 225 (page does not exist),Mono Monocoach 225,
Mono Monosport 1 (page does not exist),Mono Monosport 1,
Mono Monosport 2 (page does not exist),Mono Monosport 2,
Monocoupe Meteor (page does not exist),Monocoupe Meteor,
Monocoupe Monosport D (page does not exist),Monocoupe Monosport D,
Monocoupe Monosport G (page does not exist),Monocoupe Monosport G,
Mono-Van M-V-1 (page does not exist),Mono-Van M-V-1,
Mono-Van M-2 (page does not exist),Mono-Van M-2,
MV-1 Starflight (page does not exist),MV-1 Starflight,
Montagne Mach Buster (page does not exist),Montagne Mach Buster,
Montague Monoplane (page does not exist),Montague Monoplane,
Montalva M.1 Montalva (page does not exist),Montalva M.1 Montalva,
Montalva M.2 Trovão Azul (page does not exist),Montalva M.2 Trovão Azul,
Montana Mountain Eagle (page does not exist),Montana Mountain Eagle,
Monte-Copter 10-A (page does not exist),Monte-Copter 10-A,
Monte-Copter 12 (page does not exist),Monte-Copter 12,
Monte-Copter 15 Tri-phibian (page does not exist),Monte-Copter 15 Tri-phibian,
Montee 1921 Monoplane (page does not exist),Montee 1921 Monoplane,
Montee Dragonfly (page does not exist),Montee Dragonfly,
Montee MR-1 (page does not exist),Montee MR-1,
Montee N-2 (page does not exist),Montee N-2,
Montee Special (page does not exist),Montee Special,
Montgomerie Bensen (page does not exist),Montgomerie Bensen,
Montgomerie Merlin (page does not exist),Montgomerie Merlin,
Montgomery Double Monoplane (page does not exist),Montgomery Double Monoplane,
Montijo 1924 Biplane (page does not exist),Montijo 1924 Biplane,
Mooney A-1 (page does not exist),Mooney A-1,
Mooney A-2 (page does not exist),Mooney A-2,
Mooney M-5 (page does not exist),Mooney M-5,
Mooney M-16C (page does not exist),Mooney M-16C,
Mooney M-19 (page does not exist),Mooney M-19,
Mooney MT20 (page does not exist),Mooney MT20,
Mooney M-30 (page does not exist),Mooney M-30,
Mooney MU-2 (page does not exist),Mooney MU-2,
Morane-Saulnier Torpille Blindée (page does not exist),Morane-Saulnier Torpille Blindée,
Morane-Saulnier 1912 Hydravion (page does not exist),Morane-Saulnier 1912 Hydravion,
Morane-Saulnier AE (page does not exist),Morane-Saulnier AE,
Morane-Saulnier AV (page does not exist),Morane-Saulnier AV,
Morane-Saulnier BI (page does not exist),Morane-Saulnier BI,
Morane-Saulnier C (page does not exist),Morane-Saulnier C,
Morane-Saulnier F (page does not exist),Morane-Saulnier F,
Morane-Saulnier G hydravion (page does not exist),Morane-Saulnier G hydravion,
Morane-Saulnier K (page does not exist),Morane-Saulnier K,
Morane-Saulnier O (page does not exist),Morane-Saulnier O,
Morane-Saulnier PP (page does not exist),Morane-Saulnier PP,
Morane-Saulnier WR (page does not exist),Morane-Saulnier WR,
Morane-Saulnier X (page does not exist),Morane-Saulnier X,
Morane-Saulnier Y (page does not exist),Morane-Saulnier Y,
Morane-Saulnier MoS-1 (page does not exist),Morane-Saulnier MoS-1,
Morane-Saulnier MoS-11 (page does not exist),Morane-Saulnier MoS-11,
Morane-Saulnier MoS-16 (page does not exist),Morane-Saulnier MoS-16,
Morane-Saulnier MS.42 (page does not exist),Morane-Saulnier MS.42,
Morane-Saulnier MoS-69 (page does not exist),Morane-Saulnier MoS-69,
Morane-Saulnier MS.200 (page does not exist),Morane-Saulnier MS.200,
Morane-Saulnier MS.260 (page does not exist),Morane-Saulnier MS.260,
Morane-Saulnier MS.311 (page does not exist),Morane-Saulnier MS.311,
Morane-Saulnier MS.540 (page does not exist),Morane-Saulnier MS.540,
Morane-Saulnier MS.572 (page does not exist),Morane-Saulnier MS.572,
Morane-Saulnier MS.660 (page does not exist),Morane-Saulnier MS.660,
Morane-Saulnier MS.661 (page does not exist),Morane-Saulnier MS.661,
Morane-Saulnier MS.732 (page does not exist),Morane-Saulnier MS.732,
Morane-Saulnier MS.733A (page does not exist),Morane-Saulnier MS.733A,
Morane-Saulnier MS.886 (page does not exist),Morane-Saulnier MS.886,
Morane-Saulnier MS.890 (page does not exist),Morane-Saulnier MS.890,
Morane-Saulnier MS.894 (page does not exist),Morane-Saulnier MS.894,
Morane-Saulnier MS.1500 Épervier (page does not exist),Morane-Saulnier MS.1500 Épervier,
Moreau 1909 monoplane (page does not exist),Moreau 1909 monoplane,
Morava (Russo) Savage (page does not exist),Morava (Russo) Savage,
Moreau 10 (page does not exist),Moreau 10,
Moreland M-1 Parasol (page does not exist),Moreland M-1 Parasol,
Moreland MT-101 (page does not exist),Moreland MT-101,
Moreland S-3 (page does not exist),Moreland S-3,
Morgan Bushmaster II (page does not exist),Morgan Bushmaster II,
Morin PM.1 (page does not exist),Morin PM.1,
Morita 1911 Aeroplane (page does not exist),Morita 1911 Aeroplane,
Morris KM-II Spare Parts (page does not exist),Morris KM-II Spare Parts,
Morris Dove (page does not exist),Morris Dove,
Morris Dove (page does not exist),Morris Dove,
Morrisey 1000C Nifty (page does not exist),Morrisey 1000C Nifty,
Morrisey Bravo I Primary (page does not exist),Morrisey Bravo I Primary,
Morrisey Bravo II (page does not exist),Morrisey Bravo II,
Morrisey OM-1 (page does not exist),Morrisey OM-1,
Morrissette Mosquito (page does not exist),Morrissette Mosquito,
Morrow 1-L Victory Trainer (page does not exist),Morrow 1-L Victory Trainer,
Morse Comet (page does not exist),Morse Comet,
Morse 1935 Biplane (page does not exist),Morse 1935 Biplane,
Mortensen/Rutan Racer (page does not exist),Mortensen/Rutan Racer,
Morton Nightingale (page does not exist),Morton Nightingale,
Moryson III (page does not exist),Moryson III,
Moryson IV (page does not exist),Moryson IV,
Morton f.s.b. (page does not exist),Morton f.s.b.,
Moser helicopter (page does not exist),Moser helicopter,
Mosca-Bystritsky MB (page does not exist),Mosca-Bystritsky MB,
Mosca-Bystritsky MB Encore (page does not exist),Mosca-Bystritsky MB Encore,
Moshier Aurora 400A (page does not exist),Moshier Aurora 400A,
Moskalyev RM-1 (page does not exist),Moskalyev RM-1,
Moskalyev MU-3 (page does not exist),Moskalyev MU-3,
Moskalyev SAM-1 (page does not exist),Moskalyev SAM-1,
Moskalyev SAM-2 (page does not exist),Moskalyev SAM-2,
Moskalyev SAM-3 (page does not exist),Moskalyev SAM-3,
Moskalyev SAM-4 (page does not exist),Moskalyev SAM-4,
Moskalyev SAM-6 (page does not exist),Moskalyev SAM-6,
Moskalyev SAM-6bis (page does not exist),Moskalyev SAM-6bis,
Moskalyev SAM-7 (page does not exist),Moskalyev SAM-7,
Moskalyev SAM-9 (page does not exist),Moskalyev SAM-9,
Moskalyev SAM-10 (page does not exist),Moskalyev SAM-10,
Moskalyev SAM-10 (page does not exist),Moskalyev SAM-10bis,
Moskalyev SAM-11 (page does not exist),Moskalyev SAM-11,
Moskalyev SAM-11bis (page does not exist),Moskalyev SAM-11bis,
Moskalyev SAM-12 (page does not exist),Moskalyev SAM-12,
Moskalyev SAM-16 (page does not exist),Moskalyev SAM-16,
Moskalyev SAM-18bis (page does not exist),Moskalyev SAM-18bis,
Moskalyev SAM-19 (page does not exist),Moskalyev SAM-19,
Moskalyev SAM-22 (page does not exist),Moskalyev SAM-22,
Moskalyev SAM-23 (page does not exist),Moskalyev SAM-23,
Moskalyev SAM-24 (page does not exist),Moskalyev SAM-24,
Moskalyev SAM-26 (page does not exist),Moskalyev SAM-26,
Moskalyev SAM-28 (page does not exist),Moskalyev SAM-28,
Moskalyev SAM-29 (page does not exist),Moskalyev SAM-29,
Mosler N3 Pup (page does not exist),Mosler N3 Pup,
Mosler N3-2 (page does not exist),Mosler N3-2,
Moth 60-GM (page does not exist),Moth 60-GM,
Moth 60-GMW (page does not exist),Moth 60-GMW,
Moth 60-X (page does not exist),Moth 60-X,
Motor Products SX-6 (page does not exist),Motor Products SX-6,
Moundsville Lone Eagle X2LC (page does not exist),Moundsville Lone Eagle X2LC,
Mountaineer 1912 Biplane (page does not exist),Mountaineer 1912 Biplane,
ITU 1911 monoplane (page does not exist),ITU 1911 monoplane,
Lobanov L-1 (page does not exist),Lobanov L-1,
Dukhovetskii D-1 (page does not exist),Dukhovetskii D-1,
Dukhovetskii D-2 (page does not exist),Dukhovetskii D-2,
MIM Esqualo-180 (page does not exist),MIM Esqualo-180,
Mourlot X-28 (page does not exist),Mourlot X-28,
Moyer 1928 Monoplane (page does not exist),Moyer 1928 Monoplane,
Moyes CXS (page does not exist),Moyes CXS,
Moyes GTR (page does not exist),Moyes GTR,
Moyes Mega (page does not exist),Moyes Mega,
Moyes Mission (page does not exist),Moyes Mission,
Moyes X2 (page does not exist),Moyes X2,
Moyes XL (page does not exist),Moyes XL,
Moyes XS (page does not exist),Moyes XS,
Moyes Xtralite (page does not exist),Moyes Xtralite,
Moyes Connie (page does not exist),Moyes Connie,
MP Moto-Plane (page does not exist),MP Moto-Plane,
MSrE L.1 Mama Kedvence (page does not exist),MSrE L.1 Mama Kedvence,
MSrE L.2 Róma (page does not exist),MSrE L.2 Róma,
MSrE L.4 Bohóc (page does not exist),MSrE L.4 Bohóc,
MSrE BL.5 (page does not exist),MSrE BL.5,
MSrE BL.6 (page does not exist),MSrE BL.6,
MSrE BL.7 Holló (page does not exist),MSrE BL.7 Holló,
MSrE L.9 (page does not exist),MSrE L.9,
MSrE L.9-II (page does not exist),MSrE L.9-II,
MSrE BL.16 (page does not exist),MSrE BL.16,
MSrE M-21 Harag (page does not exist),MSrE M-21 Harag,
MSrE M-22 (page does not exist),MSrE M-22,
MSrE M-25 Nebuló (page does not exist),MSrE M-25 Nebuló,
MSrE M-27 (page does not exist),MSrE M-27,
MSrE M-28 Daru (page does not exist),MSrE M-28 Daru,
MSrE EM-29 Csóka (page does not exist),MSrE EM-29 Csóka,
EMESE EM-27 (page does not exist),EMESE EM-27,
EMESE EM-29 (page does not exist),EMESE EM-29,
Mudry CAP 1 (page does not exist),Mudry CAP 1,
Mueller Safti-Copter (page does not exist),Mueller Safti-Copter,
Muessig P-2 (page does not exist),Muessig P-2,
Muller 1920 Biplane (page does not exist),Muller 1920 Biplane,
Müller G.M.G. I (page does not exist),Müller G.M.G. I,
Mulot AM.220 (page does not exist),Mulot AM.220,
Mulot AM.20 Sport (page does not exist),Mulot AM.20 Sport,
Mulot 1925 monoplane (page does not exist),Mulot 1925 monoplane,
Mulot Labor (page does not exist),Mulot Labor,
Multiplane 1929 aeroplane (page does not exist),Multiplane 1929 aeroplane,
Mummert Cootie (page does not exist),Mummert Cootie,
Mummert Baby Vamp (page does not exist),Mummert Baby Vamp,
Mummert Mini-plane (page does not exist),Mummert Mini-plane,
Mummert Red Racer (page does not exist),Mummert Red Racer,
Mummert V-2 Sport Plane (page does not exist),Mummert V-2 Sport Plane,
Muniz M-1 (page does not exist),Muniz M-1,
Muniz M-3 (page does not exist),Muniz M-3,
Muniz M-6 (page does not exist),Muniz M-6,
Muniz M-8 (page does not exist),Muniz M-8,
Munsell 1927 Biplane (page does not exist),Munsell 1927 Biplane,
Munson A-1 (page does not exist),Munson A-1,
Murchio M-1 (page does not exist),Murchio M-1,
Murchio M-2 (page does not exist),Murchio M-2,
Murchio M-3 (page does not exist),Murchio M-3,
Murchio M-4 (page does not exist),Murchio M-4,
Murchio M-5 (page does not exist),Murchio M-5,
Murphy A-1Over-and-Under (page does not exist),Murphy A-1Over-and-Under,
Murphy Mouse (page does not exist),Murphy Mouse,
Murphy VM-7 Competitor (page does not exist),Murphy VM-7 Competitor,
Murray M-7 (page does not exist),Murray M-7,
Murray 1940 Monoplane (page does not exist),Murray 1940 Monoplane,
Murray JN2-D1 Jenette (page does not exist),Murray JN2-D1 Jenette,
Murray ML-60F Flivair (page does not exist),Murray ML-60F Flivair,
Murray-Womack Sport (page does not exist),Murray-Womack Sport,
Musger Mg 3 (page does not exist),Musger Mg 3,
Muşicǎ G.M.-1 (page does not exist),Muşicǎ G.M.-1,
Musick-Reynolds 1911 Biplane (page does not exist),Musick-Reynolds 1911 Biplane,
Mustang Midget Mustang (page does not exist),Mustang Midget Mustang,
Mustang Mustang II (page does not exist),Mustang Mustang II,
MVEN Farmer-2 (page does not exist),MVEN Farmer-2,
Myasishchev DVB-102 (page does not exist),Myasishchev DVB-102,
Myasishchev DB-108 (page does not exist),Myasishchev DB-108,
Myasishchev VB-109 (page does not exist),Myasishchev VB-109,
Myasishchev DIS (page does not exist),Myasishchev DIS,
Myasishchev DVB-202 (page does not exist),Myasishchev DVB-202,
Myasishchev DVB-302 (page does not exist),Myasishchev DVB-302,
Myasishchev DSB-17 (page does not exist),Myasishchev DSB-17,
Myasishchev Project 25 (page does not exist),Myasishchev Project 25,
Myasishchev Product 103 (page does not exist),Myasishchev Product 103,
Myasishchev M-28 (page does not exist),Myasishchev M-28,
Myasishchev M-102 (page does not exist),Myasishchev M-102,
Myasishchev M-103 Skif (page does not exist),Myasishchev M-103 Skif,
Myers Annular (page does not exist),Myers Annular,
Myers Helicopter (page does not exist),Myers Helicopter,
Myers Helicopter 2 (page does not exist),Myers Helicopter 2,
Myers 2 (page does not exist),Myers 2,
Myers M-1 (page does not exist),Myers M-1,
Myers M-2 (page does not exist),Myers M-2,
